q1,q2,is_duplicate
How do you take a screenshot on a Mac laptop?,How do I take a screenshot on my MacBook Pro? What are some instructions?,1.0
Is the US election rigged?,Was the US election rigged?,1.0
How scary is it to drive on the road to Hana given all of the turns?,Do I need a four-wheel-drive car to drive all the way on the Road to Hana?,0.0
What should I do when my friends betray me?,What can I do when my friend betrayed me?,1.0
How can I see who blocked me at Facebook?,Will I see if someone blocked me of Facebook?,1.0
Why India does not have friendly relations with it's neighbouring countries?,How are India's relations with the U.S.A.?,0.0
Why are my bestfriend still ignoring me?,What should I do when my bestfriend is ignoring me?,0.0
Did Trump win the election?,Does Donald Trump have any chance of winning the forthcoming election?,1.0
I am a straight A student but have no motivation or will whatsoever to go to school. Can someone help me fight this?,"My fiancÃ©e died recently and it pains my heart, how do I learn to cope with this?",0.0
Who are the Rohingya Muslims?,Who are the Rohingya people?,1.0
What are natural numbers?,What is a least natural number?,0.0
Can we control our actions in a dream?,Can we control our dreams? Can we dream what we wanna dream about?,1.0
What is the difference between a turkey and a chicken?,"Why does turkey have darker, more flavorful dark meat than chicken?",0.0
What is the opera song with a choir used for horror movies?,"What are an opera choir's rights? Do we get paid for rehearsals? Are we entitled to catering throughout rehearsals, etc. (part of an opera company)?",0.0
Did Ronald Reagan have a mannerism in his speech?,How did Ronald Reagan react to 9/11?,0.0
Who is the most powerful character in Skyrim apart from Alduin?,Who would win the Dovahkiin from Skyrim or Kylo ren?,0.0
Where can I buy meldonium in Canada?,Where can I buy meldonium in the U.S.?,0.0
Who is israil friend?,Is my boyfriend lying about his true feelings for his friend and is he secretly attracted to her?,0.0
What words rank the highest on Dictionary.com's difficulty index?,Can Hindi words get a place in the Oxford dictionary?,0.0
What can you do in lucid dreams?,How was your experience of Lucid dreaming?,1.0
Why are women who are on their periods are regarded as 'unclean' such that they are prevented in taking an actived part in rituals (Hinduism)?,"Why is it always expected that a woman should take care of housework, children and cooking (especially in Indian culture)? Are these activities the responsibility of women alone? Why do men not share equally in such work?",0.0
How should I study,What are some tricks to study effectively?,1.0
How many marks should I score for AIIMS rank 151?,What minimum marks should I score to get among top 50 in AIIMS?,0.0
"I got job offer @ Chelmsford-Essex, London with Â£3764 PM pay-after tax deduction. Pls advice tentative monthly expenses for couple? &amp; saving possible?","If I am leaving Norway, can I pay down my mortgage with my BSU account, and then sell my apartment without having to pay back the tax deduction I got for having BSU?",0.0
What is your take on Urjit Patel as the new RBI governor?,Is Urjit Patel is right person for RBI Governor?,1.0
What job possibilities exist for a Bachelors in Homeland Security?,What jobs are available with a bachelorâ€™s degree in Homeland Security?,1.0
Will the recent demonetisation results in higher GDP? If so how much?,How demonetisation could affect the GDP of India in both short run and long run?,0.0
What does it mean when a guy says I like you?,"What does it mean when a guy says ""Be safe""?",0.0
What is working hard (not in terms of studying)?,What is working hard in terms of studying?,0.0
What are some unusual aspects about politics and government in Hungary?,What are some unusual aspects about politics and government in Singapore?,0.0
How do scientists work?,Where do scientists work?,0.0
What is the best site for downloading Kannada films in torrent form?,What's a good torrent site to download games from?,0.0
Is government liasioning legal in India?,Is UberMoto legal in India?,0.0
How do you get deleted Instagram chats?,How can I view deleted Instagram dms?,1.0
Why did the puppet they used for Yoda in Episode I suck so bad?,"Why do people not question ""news"" posts and opinions posted on social media websites?",0.0
Mobile Number Portability finally will start on May 3. Do network providers really agree to this?,"Mobile number portability finally will start on May 3rd, including changing circles. Have network providers really agreed to this?",0.0
Why do male porn stars masturbate to ejaculate?,Is it OK for a husband and wife to masturbate together? Is it considered cheating if your partner is masturbating without your consent?,0.0
What are the conditions in European refugee camps?,How are the conditions inside European Refugee Camps?,1.0
What is the most creative college admissions essay you've read?,Has any college admission officer cried in public while reading an applicant's essay?,0.0
What's one thing you would like to do better?,What's one thing you do despite knowing better?,0.0
Why do companies issue bonus shares?,Why do company issue bonus shares?,1.0
How can I see the Comedy Nights with Kapil live show?,What is the way to watch Comedy Nights with Kapil live on the sets?,1.0
Israel vs Iran: who would win?,"If Israel and Iran went to war, who would win?",1.0
What are the best horror novel in 2016?,What are some of the best horror novels of 2014?,0.0
Does a fetus breathe when it's inside a womb?,How does a fetus exhale in the womb?,1.0
What are the sensors available in Acer Liquid Z630S Android Smart phone by using CPU-Z App?,Which useful Android phone apps are not available in the Google Play store?,0.0
Which one is better among KMC Manipal and KMC Mangalore?,What is the brief comparison of KMC in Manipal and Mangalore?,1.0
What are the life lessons that Batman teaches us?,What are the life lessons you can learn from the dark knight?,1.0
"I accidentally took my blood pressure medicine twice, will I be ok?",Is 100/76 ok blood pressure?,0.0
"What is the difference between bay, gulf and straits?",What exactly is the difference between a sea and a bay?,0.0
Which car has good build quality in india?,Is Volkswagen a good reliable car?,0.0
Did Ben Affleck shine more than Christian Bale as Batman?,"No fanboys please, but who was the true batman, Christian Bale or Ben Affleck?",1.0
How do you cancel USAA auto insurance?,Auto insurance Broker fee in CALIFORNIA?,0.0
How can I find job in Japan?,How can I find an IT job in Japan?,0.0
Why hasn't Gayle Laakmann McDowell/careercup created a MOOC or a coding bootcamp?,"Is Gayle Laakmann McDowell planning on publishing any more books? If so, what is she working on?",0.0
Hypothetical scenario: Our actual credit card system &amp; banking never existed before. How would you implement a digital currency on the Internet today?,What are some inventions from the Neolithic Age?,0.0
Why does India sabotage and badmouth all economic projects which its neighbouring counries have in the world?,Why does India always sabotage and badmouth all economic projects Pakistan have with other countries in the world?,0.0
What Game of Thrones villain would be the most likely to give you mercy?,What Game of Thrones villain would you most like to be at the mercy of?,1.0
How will the implementation of GST bill impact the lives of common people?,What exactly is GST bill and how exactly will it affect the common people?,1.0
What mythical creatures are in the Bible?,What do mythical creatures eat?,0.0
What are good websites for escorts?,How do I find a good escort?,0.0
How do I know if someone blocked my texts?,If I turn of my user id off can I text someone that blocked me?,0.0
What are the best self-help books you've ever read?,What are the top self help books I should read?,1.0
How I can speak English fluently?,How can I learn to speak English fluently?,1.0
What is in bone marrow?,What does bone marrow taste like?,0.0
What is reactance in a capacitor?,What is the reason behind the reactance of a capacitor?,1.0
What is the right etiquette for wishing a Jehovah Witness happy birthday?,How important is it to be the first person to wish someone a happy birthday?,0.0
"How hard is it to fake appearing ""spiritual"" in a Christian community?",Why did the Battle of Agincourt happen? How does it compare to the Battle of Edge Hill?,0.0
How would do you describe a person with lots of interests?,What are some examples of how to describe a person in a positive light?,0.0
Will the Supreme Court's decision of playing the National Anthem before movie screenings affect your patriotism?,What are your views on the supreme court's decision to make playing national anthem mandatory in cinema halls?,1.0
How is the job situation in New Zealand for computer science graduates?,How is the job situation in New Zealand for computer science graduates diploma?,1.0
Should there be a war between India and Pakistan for Kashmir?,Why is there a conflict between India and Pakistan on Kashmir?,0.0
What is the difference between a neutral state and a buffer state?,"If every state of the USA declared war against each other, which would win?",0.0
How do I switch from Apple Music to Spotify?,Should I switch from Spotify to Apple Music?,0.0
"In the play ""A Raisin in the Sun"", why do Walter ad Beneatha argue?","In ""A Raisin in the Sun"", why do Walter and Beneatha argue?",1.0
Does anyone see the relation between Greek gods and Hindu gods?,"What parallelism can we draw between gods of Hindu mythology, Greek mythology, Egyptian mythology, etc.?",1.0
Why was cyrus mistry removed?,Why TATA sons replaced Cyrus Mistry to Ratan TATA?,1.0
Who are the best headhunters in Mumbai?,Who are the best headhunters?,0.0
Why am I mentally very lonely? How can I solve it?,"Find the remainder when [math]23^{24}[/math] is divided by 24,23?",0.0
How can I consult a good free online astrologer?,Are there any good free online astrologers?,1.0
What are 5 facts about the earth's crust?,How does the Earth's core affect its crust?,0.0
Which Marvel movies have not included Stan Lee cameos?,What is your favourite Stan Lee cameo in a Marvel film?,0.0
A title for my continuation to The Gift of the Magi?,How do I start my continuation for the Gift of the Magi?,0.0
"Why did British engineering and manufacturing skills decline so dramatically in the 60s, 70s and 80s, especially when compared with Germany's?","Why did the UK have bad living standards in the 70s/80s, but better now?",0.0
What is the ultimate way to serve humanity?,How can one serve humanity?,1.0
What is the first moment you remember in your Life?,What is the very first thing you remember in your life?,1.0
How is time travel possible?,Do you think time travel is possible?,1.0
Which is the best digital marketing institution in banglore?,Which is the best digital marketing institute in Pune?,0.0
What are some of the most mind-blowing facts about Bengaluru?,What are some interesting facts about Bengaluru?,1.0
"What is a ""function"" in the context of functional programming?",What is functional programming?,0.0
Can you debeak cockerels at 8 months old?,How much and with what should I feed my 3 months old raven?,0.0
How can I stop being afraid of working?,How do you stop being afraid of everything?,0.0
"Why is Oberon mad at Titania in ""A Midsummer Night's Dream""?","Why does Oberon punish Titania in ""A Midsummer Night's Dream""?",0.0
I'm 18. What should I do?,What can I do when I'm 18?,1.0
What's it like to be a non-smoking mother of smoking children?,What's it like to be non-smoking mother of the smoking children?,1.0
How do you feel when someone upvotes your answer on Quora?,How does it feel to see upvotes to your answer on Quora?,1.0
Does Rahul Gandhi have any chance to become next PM of India after Modi?,Does Rahul Gandhi have chances to become next Pm of India after Modi?,1.0
Why is sandeep maheshwari not on Quora?,Who is Sandeep Maheshwari?,0.0
I wish to simulate a fake location for an app running on my iOS device. How do you fake a GPS location for iOS without jailbreaking as a non-coder?,How can I fake my iPhone location without jailbreaking?,0.0
What is the work of an executive recruiter like?,What is it like to work with an executive recruiter?,0.0
How do I lose weight without doing any sport?,How do I lose weight without doing exercise or diet?,1.0
What is the best combination of courses I can take up along with CA to enhance my career?,What courses must be taken along with CA course?,1.0
Which business is good start up in Hyderabad?,Which business is better to start in Hyderabad?,1.0
What is abstract expressionism in painting?,What are some of the major influences of abstract expressionism?,0.0
What is journalism for you?,What is journalism?,0.0
"How can the drive from Brooklyn to Staten Island be described, and how do these cities' tourist attractions compare to those in Queens?","How can the drive from Brooklyn to Staten Island be described, and how do these cities' tourist attractions compare to other tourist attractions?",0.0
Is YouTube Red's offline feature as good as downloading the video itself?,Is it possible to still have a decent credit rating after chapter 7?,0.0
What year did the letter J come?,When was the Letter J created?,1.0
How can I meet Suresh Raina?,How do i meet suresh raina?,1.0
Who is more electable in a general Presidential election: Donald Trump or Ted Cruz?,Who is more delusional: Donald Trump or Ted Cruz?,0.0
My maths have become extremely weak and I am in class 12th. How can I improve my maths so that I can clear my JEE exams next year?,"I want to do a BBA. I only got 62% in class 12 (non maths). I am taking 1 year drop for the entrance exam of Symbiosis, GGSIPU, etc. Should I also give an improvement next year?",0.0
Do people with anemia die younger?,Does anemia increase irritability?,0.0
What if I shift my job from e-commerce to cloud computing?,What computer science courses should I take If I want to join a product based or e-commerce company?,0.0
Which city in India has the best weather?,Which city in Argentina has the best weather?,0.0
What kind of animal did this?,What kind of animal are you?,0.0
"Is there an end to the universe, and if not, is the universe infinite?",Is the Universe infinite or is there an end to the Universe?,1.0
What are most underrated date activities?,What is the most underrated activity?,0.0
Which were some of the bad experiences you had in life?,What were some of your good and bad life experiences?,1.0
Why is Saltwater taffy candy imported in China?,Why is Saltwater taffy candy imported in Laos?,1.0
How does Quora quickly mark questions as needing improvement?,Why does Quora mark my questions as needing improvement/clarification before I have time to give it details? Literally within secondsâ€¦,1.0
What is most important in life - money or values?,What is more important money or respect?,0.0
What are the best YouTube channels to learn medicine?,What are some of the best YouTube channels for learning Git?,0.0
If Hillary Clinton could not continue her Presidential campaign how would the Democratic Party choose a new candidate?,If Hillary Clinton can no longer serve as the Democratic nominee how would her successor be chosen?,1.0
What disadvantages do Apple computers/laptops have over other brands?,Why do so many people in the US have an Apple-branded phone or laptop?,0.0
"Will a Blu Ray play on a regular DVD player? If so, how?",How can you play a Blu Ray DVD on a regular DVD player?,1.0
Is the dynamic/flexi-pricing harsh on middle class people?,SEO or SMO which help to get more business?,0.0
How do you train a white Pitbull with brown spots?,How do I train White Pitbulls?,1.0
What is a good song to lyric prank your best friend?,What are some good lyric prank songs to send your best friends?,1.0
Is it feasible for Flipkart to offer an EMI on debit cards? What are the different factors involved?,Is there any way to purchase a phone on EMI via Flipkart with only a debit card? How?,0.0
What are some tips on making it through the job interview process at Medicines?,What are some tips on making it through the job interview process at Foundation Medicine?,0.0
How will I contact a good hacker?,How can I hire a hacker?,1.0
"Trump supporters, how do you feel about the way he's walking back his promises?",Do Trump supporters now expect the president to live up to his promises he so forcefully sold them on?,0.0
What is the painting on this image?,What is this painting?,0.0
Is Bihar really developing under mahagathbandhan sarkar?,Is Bihar developing under the leadership of Chief Minister Nitish Kumar?,0.0
When will the best time for having sex?,What would be the best time to have sex?,1.0
How do I register my domain site email?,How do you register a .an domain?,0.0
How do I make a girl who is a newly joined junior in my college to fall in love with me?,What do you have to do to become an airline pilot?,0.0
Which are the best Hollywood thriller movies?,What are the best thriller movie in Hollywood?,1.0
Which online test series is best for GATE 2017 in CS stream?,Which test series is the best for GATE computer science stream?,1.0
"What's the best on-line calender/scheduling/booking system? Something that allows me to show my availability &amp; customers can 'request' to meet me. When I 'accept' their request, the appointment pops into our calendars &amp; reminders are automated.",Is there a web service that can send appointment sms-reminders to customers extracting data from Google calendar?,0.0
How could start with open source development?,How should I start contributing to open source projects?,1.0
Which are the prospering towns in Kerala?,Why are there so many Christians in Kerala?,0.0
How does Anil Ambani benefit from Rafel fighter jet deal?,What is bought more online?,0.0
What universities does Sigma Designs recruit new grads from? What majors are they looking for?,What universities does Sigma-Aldrich recruit new grads from? What majors are they looking for?,0.0
Why do some people think Obama will try to take their guns away?,Has there been a gun control initiative to take away guns people already own?,0.0
Where can I buy best quality customized cupcakes in Gold Coast?,Where can I find delicious cupcakes at Gold Coast?,1.0
"Between Robert De Niro and Al Pacino, who is more successful?","Who do you regard as the best actor, Robert De Niro or Al Pacino?",0.0
Could we use cherenkov atmosphere radiation (with gamma rays or similar) to image the surface of a planet from here with ground based telescopes?,Can we map the surface (and the subsurface) of a planet using cosmic rays or very high frequency gamma rays with ground based telescopes?,1.0
What will the real estate look like now after the 500 and 1000 scraping?,How will abolishing Rs. 500 and Rs. 1000 notes affect the real estate businesses in India?,1.0
How many minutes of cardio a day should I do?,How many minutes of yoga can be done in a day?,0.0
What can I eat every day to be more healthy?,Is it healthy to eat a whole avocado every day?,1.0
What is my puk code?,What's the PUK for TF64SIMC4?,1.0
What are the best available smartphones gadgets?,What are some of the best smartphones technology gadgets?,1.0
What is the main reason for all the problems in India?,"If Frances Farmer (the actress) was still around today, what would she think about Donald Trump?",0.0
What is the best forum for graphic designers?,Who is the best graphic designer in israel?,0.0
How do you stop a criminal's attempt to kidnap you so you escape unharmed?,How do you stop a criminal's attempt to kidnap you and escape unharmed?,1.0
"When a girlfriend asks her boyfriend ""Why did you choose me? What makes you want to be with me?"", what should one reply to her?",My girlfriend said that we should end this because she is confused about her feelings for me. I wished her well and disconnected. Should I call her and ask her if she wants to get back together?,0.0
What is life without dreams?,Is life a dream or reality?,0.0
"Does the United States government still blacklist (employment, etc.) some United States citizens because their political views?",How is the average speed of gas molecules determined?,0.0
"Why does China block sanctions at the UN against the Jaish-e-Mohammad (JeM) chief, Masood Azhar?",Why does China support Masood Azhar?,1.0
What should I do if someone has posted a porn video under my name?,What should I do if someone has posted porn video under my name?,1.0
How can I become more fluent in Chinese?,How can I become fluent in chinese?,1.0
What is it like to be a private banker?,What is like to be a private banker in Switzerland?,0.0
Is Kristen Stewart a bad actress?  Why or why not?,Is Jennifer Lawrence a bad actress?,0.0
Why do I always get depressed?,Why do I always get depressed in the evening?,0.0
What universities does Rexnord recruit new grads from? What majors are they looking for?,What universities does B&amp;G Foods recruit new grads from? What majors are they looking for?,0.0
Which are the best movies of 2016?,What is your best 2016 movie?,1.0
"If my reservation status is RAC, does it mean the seat has been confirmed?","My family tickets have changed from RAC to CNF (Confirmed), will all of us have adjacent seats? After preparation of charts?",0.0
Is USA the most powerful country of the world?,Why is the USA the most powerful country of the world?,0.0
How did Lucifer and Gabrielle relate to each other?,"How do the roles of the CIA, the NSC, and other related organizations differ from each other, and relate to each other, now and in the past?",0.0
My girlfriend has stopped talking to me. What should I do?,My girlfriend is not talking to me. What should I do?,1.0
"What is the opposite of ""homebird""?",What is the opposite of take off?,0.0
"If a Canadian gets a tattoo in America, do they have to declare the cost when returning to Canada?",I'm a Canadian PR that just finished studying in the US. I got offered an H1-B. Should I take the offer or return to Canada?,0.0
Why does understanding death philosophical?,What makes understanding death philosophical?,1.0
Why does the caste system still exist in India?,Why does the caste system exist in India even after 7 decades of Independence?,1.0
"Why is Quora Digest filled with questions about Google, IQ, and China?",Why are there so many questions about IQ questions on Quora?,0.0
Why do some Japanese guys try to look feminine? Don't the girls find it gross?,Why have most of the guys in India become so desperate? Don't they know that girls don't always look for relationships? Would it hurt guys to become our friend first?,0.0
"If I jump rope for five minutes, how many calories will I use?",What's the best way to jump rope?,0.0
What's the best near-death experience you've ever had?,Has anyone ever had a near-death experience?,1.0
How does it feel to retake a class in college?,Does retaking subjects in college affect future job prospects?,0.0
How do we improve reading skills of children?,How do I improve my reading skill?,0.0
Why does Saturn benefit a house it sits in slowly?,Why does time seem to pass so slowly when you are in a boring lecture?,0.0
"If I do not monetize YouTube videos &amp; upload copyright content, then are there chances that Google may block my account?",How do you upload movies on YouTube and monetize them? Is there any issue of copyright,1.0
"Which option is better to reduce weight, swimming or gym?","Is it possible to burn 1000 calories each day? If yes, how?",0.0
Is it right to tell a girl the you have feelings for her?,What are some cool facts about Facebook?,0.0
"National Institute of Technology, Kurukshetra: How is the social life at NITK, Surathkal?","National Institute of Technology Karnataka (NITK) , Surathkal: To the graduating batch: What lessons would you want to give to your juniors before you leave?",0.0
How should I answer if an interviewer asks me to sell a pen or any other product as I am pursuing a MBA?,What should be the answer if your interviewer asks you to sell his pen in front of him?,0.0
"What exactly is the ""Common Core Initiative/Standards"" and what are the pros and cons?",What are the pros and cons of the Common Core Standards Initiative?,1.0
How do I make friends.,How to make friends ?,1.0
What are the most important things for living a good life?,Why should I live?,0.0
What is the best hostel booking affiliate program?,Which is the best non AC girls hostel in Srm?,0.0
Why does massaging one's temples soothe a migraine or headache?,What are the causes and most effective ways to treat or cure migraine headaches?,0.0
Should the Hobbit be considered a canonical Tolkien work?,"What is the proper, canonical spelling of Middle-earth in Tolkien's works?",0.0
How can I increase the speed of my internet connection while using a VPN?,How can Internet speed be increased by hacking through DNS?,0.0
How do payroll companies make money?,How companies make money?,0.0
What is the best recipe for chicken pizza?,What are some good pizza recipes?,0.0
Is it possible to do CA after 12th Science?,What should be done further to apply for Ph.D fellowship from a government institution if I have cleared TIFR GS 2016 written test?,0.0
What are some common facts every mechanical engineer should know?,What should all mechanical engineering students know?,0.0
How did early Europeans get protein before the Columbian Exchange?,How did they say breakfast in Portuguese before coffee was introduced to Europeans &amp; the Portuguese language?,0.0
What is the best way to prepare to IELTS?,What is the best way to prepare for IELTS?,1.0
What's the best way to start learning robotics?,What is the best way to start robotics? Which is the best development board that I can start working on it?,0.0
What was your first sexual experience like?,What was your first sexual experience?,1.0
How many Champions are there in League of Legends?,Who is the best LoL (League of Legends) champion?,0.0
How can I change my snapdeal account's mobile number?,How do I change the registered mobile number for the DBS bank account?,0.0
"What are some examples of sentences using the word ""hysteria""?",What is the best home wireless network setup and expected speeds?,0.0
What is value of 0?,Why does zero factorial (0!) equal one (1)?,0.0
What makes a great cup of coffee great?,What makes a perfect cup of coffee?,1.0
Were there any slave with the name Reddice?,"In Ancient Rome, slaves were branded. What happened with the brand mark if they were subsequently liberated?",0.0
What are the multiple uses of hollow columns?,What is the standard size of a column for building?,0.0
How do you write a song?,How do I write a song?,1.0
Will a Fitbit accurately track my activity if I am riding a bike?,What is the most accurate wearable item for activity  on the market today (i.e. Jawbone or Fitbit)?,0.0
Why is it that every teen girl has a crush on her mathematics teacher? Is it the intelligence or their behavior?,Do girls get crushes on their male teachers?,0.0
What are your views on Modi governments decision to demonetize 500 and 1000 rupee notes? How will this affect economy?,What are your views on ban of 500 and 1000 rupee notes in India?,1.0
Jawed habib haircut prices?,DO YOU THINK IF MY TREE FALLS ON YOUR PROPERTY IT SHOULD BE MYINE OR YOUR RESPONSABILITY?,0.0
"How do I deactivate the app ""App Lock""?",How do I recover the photos in app lock vault in an Android mobile?,0.0
Why is Barack Obama so important for the world?,Why is Barack Obama so important to the world?,1.0
Why are so many questions posted to Quora that are so easily answered by using Google?,Why do many Quora users ask questions they could look up online?,1.0
"Which one to learn, C++ or C#?",Which should I learn first: C++ or C#?,1.0
"I am frightened of Arvind kejriwal, he may kill me, What shall I do?",What is the risk of selling bitcoin and accepting credit card payment?,0.0
What are some of the best music albums ever?,What is regarded as the best music album?,1.0
"According to the International Federation of Robotics, how many robots existed in 2012?",What type of belt can be used to lift 200 Kg continuously?,0.0
Which YouTube video has the highest like/dislike ratio?,How is it possible for a YouTube video to have more likes/dislikes than views?,0.0
Why should one hate Shahrukh Khan?,Why do people hate Shahrukh Khan and why do people feel that he is not an Indian?,1.0
Operation executive salary in Infosys?,"How do I do the Wake Back To Bed lucid dreaming technique when I think I have restless leg syndrome (regardless, my legs hurt at night.)?",0.0
Is it normal if your sperm doesn't shoot out during ejaculation?,How do I ensure that semen doesn't come out from my penis after I ejaculate?,0.0
How can changing 500 and 1000 rupee notes end the black money in India?,Do you think scrapping of 500 and 1000 rupee denominations is going to eradicate corruption?,1.0
How do I learn how to sing?,I want to learn singing. How do I start?,1.0
What are some cute shounen ai series?,When will the PokÃ©mon series end?,0.0
Why my question was marked as needing imrovement?,How can I ask a question without getting marked as â€˜need to improveâ€™?,1.0
What are the questions should not ask on Quora?,Which question should I ask on Quora?,0.0
What were the main and most important political causes of World War 1?,What were the causes for World War 1?,1.0
How do I get over the fear of everything?,How do I get over my fears?,0.0
What's causing someone to be jealous?,What can I do to avoid being jealous of someone?,0.0
How did you managed long distance relationship?,How can long distance relationships be successful?,0.0
What are your comments on this picture?,What can I comment to my girlfriend's pictures?,0.0
"Is Morgan Freeman correct when he says the only way to stop racism, is to stop talking about it?",What are your views about this Morgan Freeman quote about Racism?,1.0
"What are the main imports and exports of Venezuela, and how does Venezuela's industry compare to Cuba's?","What are the main imports and exports of Venezuela, and how does Venezuela's industry compare to Bolivia's?",0.0
"Is there a ""blind trust"" provision for American Presidents, and how is it enforced?",Who will be the new American president? Why,0.0
What would be a cool way to commit suicide?,What can be the most insane ways to commit suicide?,1.0
How can I write a letter to Mr. Narendra Modi?,How can I write to Narendra Modi?,1.0
What is [math]x[/math] if [math]x+\left(\dfrac{1}{x}\right) =0[/math]?,What is [math]\mathop {\lim}\limits_{x \to 0^+}\frac{1}{x}^\frac{-x}{x+1}[/math]?,0.0
Can we do an M.Phil in India after doing Masters in UK (MA in Psychology)?,I'm a masters student interested to work in Humanitarian sector. What are the skills required? I'm a medical doctor doing my masters in UK,0.0
How can I get MOOC/E-learning through online web and video courses related to filmmaking &amp; production developed by Indian professors?,How can I get MOOCs/E-learning through online web and video courses related to photography developed by Indian professors?,0.0
What are symptoms of autism in kids?,What are the symptoms of autism in girls?,0.0
"What is an interesting fact that you know and I don't, but shouldn't?",What is the most interesting fact that most people don't know about?,1.0
How do you deal with a fear of dying?,How can you reduce your fear of dying?,1.0
Why are major Indian TV channels absent in northeast?,How many TV channels are there in the world?,0.0
How did you first come across porn?,How were you first introduced to porn?,1.0
What are some of your own personal Moon in the 3rd House stories and experiences?,What are some of your own personal Jupiter in the 1st house stories and experiences?,0.0
Life can be boring. What to do?,My life is boring. What can I do?,1.0
Where can I buy best quality commercial innerspring sofa bed in Chatswood West?,Where can I get quality services for cleaning paint and paint removal in Chatswood?,0.0
What is the difference between the iPhone 6s and iPhone 6s Plus?,What's the difference between the iPhone 6 and the iPhone 6s?,1.0
How would you destroy the world?,How can I destroy the world?,0.0
Why does ISRO not use friction stir welding technology?,Should a guy re-evaluate his current relationship and feelings if he's worried about temptation hanging out with a girl that he was friends with?,0.0
Are government employees eligible to Sukanya Samrudi Yojana?,Can a Government employee apply IEC?,0.0
Why students run away from home?,Why do people run away from home?,0.0
What are the qualifications for being an FBI or CIA agent?,What does it take to become an FBI agent?,0.0
Can an auto immune disease cause insomnia?,What causes Auto Immune diseases?,0.0
"What are the winter weather conditions like in Cincinnati, OH?",What is the weather like during winter in Tel Aviv?,0.0
What is it like to live in Cologne?,"What is it like to live in KÃ¶ln, Germany? ",1.0
How can we acquire a positive morality?,What are time deposits? Are RD and FD types of time deposits?,0.0
"In your opinion, what is the best classical song of all time?",What's the best classical music piece of all time?,1.0
What is CPAGrip.com?,What is bestmytest.com?,0.0
"If you have me, you want to share me. If you share me, you haven't got me. What am I?","If you have me, you want to share me. If you share me, you don't get me. What am I?",1.0
What are some movies that everyone needs to watch at least once in life?,What movies would you recommend everyone to watch?,1.0
Are there any scientific reasons behind Hindu temples?,What is the scientific reason behind visiting temples?,1.0
What is your job and your salary? Are you satisfied with your current job?,My IQ is currently 83. Can I get a high paying job or ever get a six figure salary job?,0.0
What is the condition of tourism in Pakistan?,Preferable PG courses for BE (EEE) student in Tamil Nadu?,0.0
How far would you go for love? Should I wait for the one I love ir move on?,"As a thirteen year old, what is the best thing I can do for my health?",0.0
What are scraping techniques?,What are some good free web scrapers / scraping techniques?,1.0
What is the step by step guide to invest in share market in india?,What is the step by step guide to invest in share market?,0.0
What are some tips on making it through the job interview process at S &amp; T Bank?,What are some tips on making it through the job interview process at AT&amp;T?,0.0
How do you send a private message to someone you're following on Quora?,How do I send another person a message on Quora?,1.0
Why is Saltwater Taffy candy imported in Greece?,Why is Saltwater taffy candy imported in China?,1.0
Is Evernote useful?,What is Evernote used for?,1.0
How racist is too racist?,How racist are you?,0.0
What is the scope of supply chain management in India?,"What is the future scope for procurement, logistics, operations and supply chain management?",0.0
Which acoustic bass guitar is the best?,How do you go about maintaining an acoustic bass guitar?,0.0
What are the qualities of a good leader?,What are some good qualities of a leader?,1.0
What are the easy ways to earn money online?,How can I earn money on internet?,1.0
Is senior residency at Hindu Rao Hospital teaching experience?,I am studying BS Computer science. I am in 7th semester and can't pass the basic programming course. Wasted alot money?,0.0
"What was the significance of the battle of Somme, and how did this battle compare and contrast to the Battle of Rostov?","What was the significance of the battle of Somme, and how did this battle compare and contrast to the Battle of Riyadh?",1.0
What is the reason Pakistan supports terrorism?,Has Pakistan become a safe haven for global terrorism?,1.0
Where do I find 3ds emulator for android?,Is there a working Nintendo 3DS emulator for PC?,1.0
Which is the best PMP Certification course provider in Bangalore?,Which is the best pmp certification center in Bangalore?,1.0
"Did you find the ending of the novel ""1984"" depressing?","How do Winston and Julia differ in the novel ""1984""? How are they similar?",0.0
I'm 15 year old my height is 5 feet 7 inches and my weight is 50 kg what should I do to gain weight?,"I am 22, my weight is 46 kg and my height is 5.4 ft. What should I do to gain height and weight?",1.0
How do I register institute providing training in various programming languages for vocational courses as it will exempt it from the service tax?,How much marks should I score in SSC cpo to get Delhi police?,0.0
What are some special cares for someone with a nose that gets stuffy during the night?,How can I keep my nose from getting stuffy at night?,1.0
Do you have any paranormal experience?,What are your best paranormal experiences?,0.0
Which is the best coaching center for SSC and Banking in Chandigarh?,Which are the best SSC and banking coaching centers in Chandigarh?,1.0
What would Hillary Clinton do now that the election is over?,What will Hillary Clinton do now?,1.0
How do I sell on Amazon?,How do I start selling on Amazon?,1.0
Is gravity only a theory?,"According to the M-theory, there are 11 dimensions. Why are only 5 dimensions in regards to gravity addressed in Interstellar?",0.0
Where can I find a European family office database?,Where do I find a U.S. family office database?,0.0
"What are the signs that a guy has feelings for you or has a crush on you, but doesn't want to show it, so he hides it?",The guy I'm dating never texts me and I feel like he doesn't care about me but when I see him he shows me he likes me and wants me. Why do I feel this way?,0.0
What are the best films that take place in one room?,I want to get thrilled. Which movie should I watch?,0.0
How TQWL is different from CKWL (Tatkal waiting list)?,I have made a railway reservation but got it on the Tatkal waiting list. Will I get a refund if I cancel it?,0.0
Why do Slavs squat?,Do squats work for men?,0.0
"Can I make 50,000 a month by day trading?","Can I make 30,000 a month by day trading?",0.0
What are stereotypes about the United Kingdom?,What do Americans think about the United Kingdom?,0.0
Can I overdraft my Wells Fargo account?,What is Wells Fargo's overdraft policy?,0.0
HOw do I speak Fluent English?,How can I understand english?,1.0
How do you answer a question on Quora?,What is the best thing you've ever learned on Quora?,0.0
How do I edit my devices on my Google play account?,How do I add a second device to a Google Play account?,0.0
Can a Muslim guy date a non Muslim girl? Is it based on how religious the individual is or are there other factors to it?,What do non-Muslims expect from Muslims?,0.0
Would you switch from Canon 6D to Leica D-LUX 109?,What tripod should I get for my Canon 6D?,0.0
What is a good substitute for milk in macaroni and cheese?,What are some good cheese substitutes for Havarti cheese?,0.0
What does a wet vagina feel like for a man?,Why does it feel like there is a ball in my vagina?,0.0
How much is 30 kV in HP?,Where can I find a conversion chart for CC to horsepower?,0.0
How many years Britain ruled India?,What is the standard amount of time off given for an international relocation?,0.0
Did any Indian writers/authors ever use a pen name?,"How badly did Donald Trump miscalculate his run would have on his ""brand"" value?",0.0
Is (male) circumcision required in Islam?,Is circumcision allowed in Islam?,0.0
Why is the number for Skype at 1-855-425-3768 always busy?,How could I get Skype to work on an android 4.1.1 phone?,0.0
Should I learn AngularJS 1.5 instead of AngularJS 2 if I don't know TypeScript?,Which should I start with: Angular 2 or AngularJS 1?,0.0
Which are some commonly mispronounced words?,What are some of the most commonly mispronounced English words?,0.0
Does Fab currently offer new employees stock options or RSUs?,Does Uber currently offer new employees stock options or RSUs?,0.0
"On Facebook, how can I add mutual friends?",Can I see an ordered list of the people with whom I share the most mutual friends on Facebook?,0.0
How do I find a startup accelerator?,How do startup accelerators give you the funding?,0.0
What is the best way to get you food stamp card?,How can I get food stamps in college?,0.0
What is an actinomorphic flower?,Flowers: What is vaijanti?,0.0
What is the aim?,What is the aim of science?,0.0
Which psychological need does 'collecting' fulfill?,Why do people collect things?,0.0
What can I do after completing BDS?,What can we do after completing BDs?,1.0
"In an operating room, when two surgeons of equal experience disagree on a surgical procedure, how is the tie broken?",Doctors: How do surgeons hold out on surgeries more than 6 hours long? Do they rest during the operation?,0.0
What are common required and elective courses in agriculture?,What are common required and elective courses in philosophy?,0.0
Is there any way to get rid of gynecomastia?,How can I get rid of man boobs?,1.0
If dark energy is created with expansion can infinite of it be created?,"If energy is not conserved in an expanding universe, is potential energy infinite (the energy that can be created is infinite)?",1.0
Is a pinkish discharge normal in early pregnancy? What causes it?,What did nicholas piramal do with 17500 cr?,0.0
How can I get entry in MIT?,What are the requirements for selection into MIT?,1.0
What are some of the most surreal questions asked on Quora?,What is the most surreal question on Quora?,1.0
I am 29Y old. I have diabetic Type 2. Recently my sugar level was increased to 150 (fasting). I do exercise and eat whole grains. why this happening?,Where can I find the best Security Cameras?,0.0
How do I log out of my Gmail account on my friend's phone?,How can I know who logged in to my Gmail account? (by telling his IP address or device name)?,0.0
What is the difference between gross salary and CTC?,"There seems to be a difference between my weekly paycheck and the yearly salary my employer agreed upon, how does that work?",0.0
Are exocytosis and endocytosis examples of active or passive transport?,What are examples of passive transport in cells?,0.0
How imminent is world war III?,Are we heading toward World War 3?,1.0
How do I utilize free time to avoid depression?,Can a person graduating from IIMs like LIK and even the new IIMs like Ranchi and Trichy ever catch up to the graduates from ABC and get a similar package?,0.0
What is the problem with controlled fusion?,Why haven't we developed a fusion reactor capable of generating more energy than it consumes? What are the problems we face?,0.0
What is purpose of life?,What's the purpose of life? What is life actually about?,1.0
What is rank at 550 marks in NEET 2016?,What will be my rank in NEET 2016 if my marks is 391?,0.0
Is the soul immortal?,Why is the soul immortal?,1.0
What Anna Hazare think about PM Modi?,What do you people think of Mr. Arvind Kejriwal and his AAP?,0.0
I'm transferring to a school with a US curriculum (taking the IBDP) from a Philippine school w/ a percent average grading system. How do I get my GPA?,"I am in tenth grade at a high school in Ontario, Canada. I would really love to do an exchange with a student from Europe. Any ideas on how I can go about doing this?",0.0
What is the difference between IT and computer science engineering?,What are the differences between computer science and computer engineering?,0.0
"What are the stages of breaking up between couple? I mean, what happens after the breaking up emotionally whether its a male or female?","Who is affected more by a breakup, the boy or the girl?",0.0
Why did Venuetastic fail?,How much does it cost to book a good wedding venue?,0.0
I missed the IIT. What should I do?,"When should I expect my joining date for Accenture, The timeline shows its 24 dec 2016 and I havent recieved any updates from the Organisation?",0.0
Considering the current trend of information technology what is the future of print media?,What is this model's name? I see her everywhere.,0.0
What can make Physics easy to learn?,How can you make physics easy to learn?,1.0
At what cost does so much privacy as in Germany come? What else is lost to gain so much privacy?,Are there any people who genuinely enjoy salad with no dressing?,0.0
What is your view on the recent demonetization in India?,What are your views on demonetization of â‚¹500 &amp; â‚¹1000 notes in India?,1.0
How many words are actually needed to learn for the GRE and what is the correct method to prepare for the GRE verbal? ?,How can I get best score in GRE?,0.0
"Which car services are available in Normal, IL? How good are they compared to taxis and relative to each other?",Which car services are available in Atlanta? How good are they compared to taxis and relative to each other?,0.0
What behavioral adaptations do pandas have?,What behavioral adaptations do red pandas have?,0.0
How do I post a question that was marked as needing improvement?,"Why was my question marked as ""needs improvement?""",1.0
What could be Narendra Modi's next move after demonetization?,What is next step after demonetization?,1.0
Why are so many Quora users posting questions that are readily answered on Google?,Why do people ask Quora questions which can be answered easily by Google?,1.0
Why is C the best programming language?,"Lua and C, which one is the best programming language for embedded systems?",0.0
How headphones work as an Antenna to play FM radio channels on Mobile phones? Why mobile companies doesn't install the same inbuilt Antenna on phones to be able to play FM without the headphones?,Why don't phones have a built-in FM antenna?,0.0
Will baking soda help pass a urine test?,How does baking soda help you pass a drug test?,1.0
Daniel Ek: When an we expect Spotify in India?,Daniel Ek: Are there any future plans of releasing Spotify in India?,1.0
Which is the best earphone with deep bass under 1000?,Which is the Best earphones under Rs 1000?,1.0
"If someone wants to open a commercial FM radio station in any city of India, how much does it cost and what is the procedure?","I want to make a travel commercial/clip video HD , For India and New Zealand. How much will it cost?",0.0
How I start prepare for UGC net English literature latest syllabus?,How do I prepare for Net JRF in English literature?,1.0
What is your review of Performance Testing?,What is performance testing?,0.0
What is the best book ever made?,What is the most important book you have ever read?,1.0
How much do olympic gold medalists earn?,How much does an Olympic gold medalist earn in China?,0.0
"What is Russian president Vladmir Putin like as a person, to his closest friends and family?","When did Putin become a public person, and what was his ""rise to fame"" like?",0.0
Are Canada Geese really Canadian?,What do Canadians call Canada?,0.0
How competitive is the hiring process at Republic Bank?,How competitive is the hiring process at S &amp; T Bank?,0.0
How on earth would I dress like a workout guy from the year 1990 in the summer?,How would I dress like a workout guru from the year 1990 in the summer?,1.0
"What makes a programmer ""good?""",What makes a good programmer great?,1.0
What are the most important books ever written?,What is the most important book you have ever read?,1.0
What are the differences between larceny and robbery?,What is the difference between the words burglary and robbery?,0.0
What will most likely cause World War III?,Is World War III imminent?,0.0
How do I prepare for software interviews?,What are the best ways to prepare for software interviews?,1.0
What does the Quora website look like to members of Quora moderation?,How does Quora look to a moderator?,1.0
What area of games programming is most mathematically involved and suited to a math major?,"If one was to go about learning Python to be able to apply it to his area of study (Major in Chem minor in Math), what applications of Python could be most useful when applying for a job?",0.0
What is Quora's algorithm for sorting answers to a single question?,How does the ranking of answers on Quora work?,0.0
What is it like to study math at UCLA?,Could USC buy UCLA?,0.0
Is it normal to have a dark ring around the iris of my eye?,What causes a dark ring around the iris? How should it be treated?,0.0
Does it matter whether humans are selfish or evil?,Does it matter whether humanity is evil or not?,1.0
What is the Hizmet movement?,What is the GÃ¼len movement?,1.0
Is there a different price over the Internet than in person when trying to book a room in Mexico City from the US?,Why is Mexico City dangerous?,0.0
How long can raw and cooked sausage last refrigerated?,How long does onigiri last if left refrigerated? How can it be kept longer?,0.0
What are movies with incest scenes?,Are there any good incest movie?,1.0
How do I stop being addicted to porn?,How can I stop watching porn?,1.0
Do Trump voters care that he has reneged all his campaign promises?,How will Trump supporters react once they realize he can't or won't keep his campaign promises?,1.0
What is solution to Kashmir issue?,Is it possible for the Sharif government to resolve the conflicts in Kashmir?,0.0
Will it help CIBIL score if I pay off my written-off amount?,Does my CIBIL score gets impacted if I only pay the minimum due amount?,0.0
What is the funniest joke you know?,What is the funniest joke of all time?,1.0
What are the rights of a prisoner?,"If I am in prison, what rights would I have?",1.0
What is web application?,What is the web application framework?,0.0
Why I feel dizzy when I am playing some 3D games but others do not make me feel like this? Are there any tricks in developing 3D games to avoid this?,3D Rad: How can I make a mission-based game?,0.0
Could CAT exam and MAT exam take place on same day (4th December 2016)?,Is it necessary to learn vedic maths and spending time on short tricks for cat 2016 exam?,0.0
Are there any differences between however and nevertheless?,What's the difference between between and among?,0.0
How can I become a true computer science engineer?,How do I become a good computer science engineer?,1.0
What do you do if you had a bad dream?,How do you not get bad dreams?,0.0
Who is the most academically qualified Bollywood celebrity?,Which bollywood celebrity has his/her own jet?,0.0
How can eating prunes help during a constipation?,Does eating prunes help with constipation?,1.0
Can anyone predict my birth chart?,What can you tell me regarding this birth chart?,0.0
Why do I get punished by Quora moderators when I put Israel and Judaism in a negative light?,How do I excel in computer sciece &amp; programing without wasting four years in CS degree in Indian engineering college?,0.0
How can I grow taller at 17?,How can you increase your height?,0.0
What are the differences between POCSO and sexual offenses in the IPC?,Do we need the IPC section 375?,0.0
What does taking advantage of someone mean?,Is it worse to take advantage of someone or be materialistic?,0.0
What are the best riddles by the Riddler (Batman)?,Who was the best villain in the Nolan Batman films?,0.0
Can I recover my email if I forgot the password?,What should I do if I forgot my email password?,1.0
Which are the best books to understand calculus?,What are good books to self study calculus?,1.0
What is the best place to celebrate New Year 2017 in Hyderabad?,Which is the best place to celebrate New Year 2015 in Hyderabad?,0.0
What does it feel like to be beautiful?,What does it feel like to be attractive and desired by many?,0.0
What is the story of Kohinoor (Koh-i-Noor) Diamond?,What would happen if the Indian government stole the Kohinoor (Koh-i-Noor) diamond back?,0.0
How can I install OBB/data file on an Android?,I want to install EXE extension files in Android mobile. Is it possible?,0.0
Are there People who are willing to give free lectures or conduct free workshop in India colleges?,"Almost two weeks in on Prozac, why do I still feel antisocial and still don't want to go to events? Why does my social behavior and mood change daily?",0.0
What are some of the most gruesome causes of death?,What causes death by hanging?,0.0
How do I know if my spouse is my soulmate?,How can I know that he is my soulmate?,1.0
What's the best school in the world?,What are the best schools in the world to study cinema?,0.0
What's the funniest highbrow joke you've ever heard?,What are the funniest jokes / stories you ever heard?,1.0
When are the roads most slippery during rain?,During rain what should I do for precautions of flooding road?,0.0
What are the most interesting foods you have eaten in any country?,What is the most delicious dish you've ever eaten and why?,1.0
"Is it possible to make doctor's review app using which patients can share anonymously all treatment given by that doctor, suggested medicines,?",What is the warranty period of the Mi In-Ear Headphones Pro?,0.0
How did Darth Vader fought Darth Maul in Star Wars Legends?,Does Quora have a character limit for profile descriptions?,0.0
Is drinking 4 liters of water each day unhealthy?,How many liters of water should I drink if I run 5kms daily?,0.0
Would a woman in the Catholic Church be shunned or ostracized for having a sexual relationship with a priest?,What would happen if a woman sued the Catholic Church for not allowing them to become a priest?,0.0
What are the five most popular sugar daddy websites?,What is it like to date a cougar or a sugar daddy?,0.0
How can I open DMart store in India? Is there any franchise for that?,How do I get reliance digital store franchise?,0.0
My ex-girlfriend is suffering from malaria. I have a deep urge of visiting her but I have my placements on. I have no idea how to be with her. What should I do?,"Should I be worried that my girlfriend texts her ex-boyfriend till 4 a.m., and if so, why?",0.0
How should ask my crush for her number?,What should I ask my crush?,0.0
What are some new marketing techniques for language schools?,What are marketing techniques for language schools?,1.0
Do cricket players really drink tea on a tea break?,Do cricketers actually drink tea during tea break?,1.0
How do I work with machine learning researchers after graduation?,How can undergraduate help with machine learning research?,0.0
How can I find out whom I sent a friend request to on Instagram?,How do you send a friend request on Instagram?,0.0
How much is the maximum gold you can take when flying from India to USA?,Why don't we fly east to go from India to USA?,0.0
What are some examples of products that can be make from crude oil?,What are some of the products made from crude oil?,1.0
What are the best daily life hacks one can use to make his life easy?,What are the hacks in daily life?,1.0
"What does the phrase ""He who does not love abides in death"" exactly mean?","What does the phrase ""love begets love"" mean?",0.0
Can excessive amounts of Vitamin C cause me to have a miscarriage?,How can Vitamin C cause a miscarriage?,1.0
What happened to Hong Kong movies and TV drama? Why did they decline so much?,Will British citizens be allowed to move to the EU and live there after Brexit happens?,0.0
How magnets are made?,What are magnets made of?,0.0
How does it feel to be a spouse of a renowned porn star?,How can I get rid of the feeling that my spouse is cheating on me?,0.0
Who wrote the Kars for Kids jingle?,I am a freelance musician. How can I get into the jingle industry?,0.0
What is the meaning of life? Whats our purpose on Earth?,What do you feel is the purpose of life?,1.0
What are the home remedies for piles or anal fissure?,How do I cure anal fissure permanently with home remedies?,1.0
What are the best schools to study Natural language Processing in India?,Which are the best schools for studying natural language processing?,0.0
What's it like dating a gangster?,I'm 51 can I date a man in his 30's?,0.0
What can be done to reduce the pollution of India?,What is the best way to reduce pollution in india?,1.0
Why are police lights red and blue?,Why are police lights red and/or blue?,1.0
How do I can stop hairfall?,How can I stop hairfall?,1.0
What are Balaji Viswanathan's views on caste based reservations in India?,What is Balaji Vishwanathan's view on caste based reservation system in India?,1.0
Motorola (company): Can I hack my Charter Motorolla DCX3400?,How do I hack Motorola DCX3400 for free internet?,0.0
Is it too late for me at the age of 25 thinking to start a career in photography?,I want to start my career as a photographer at age of 25. Is it too late?,1.0
Where can I watch gonulcelen with english subtitles?,Where can I watch sarrainodu with subtitles?,0.0
Has wizard magic been scientifically tested?,Have mages been scientifically tested?,1.0
Whenever its about â€œherâ€ its a very special feeling. Tried hard to forget her but she's alwys spcl. Should I stop talking to her even as a friend ?,How should I stop thinking about someone?,0.0
"What does this saying mean; ""Don't trust everything you see even salt looks like sugar""?","People say ""don't try to please others."" Does being nice to others mean pleasing them?",0.0
"Considering your position as Secretary of State gave you insight into the US's drone program, what will you do to reform the targeting process?",What was your biggest challenge as Secretary of State?,0.0
"In C++, what are access modifiers?",What are access modifiers in Java?,0.0
Which free online language classes would allow me to go from 0 to fluent in Portuguese given their provided courses of study?,Suggest me some free online courses that provides certificates?,0.0
What are some really good and famous romantic comedy movies?,What are the best romantic comedy movies?,1.0
Who are the best custom kiosk manufacturers in India?,Who is the best manufacturer of customized kiosk in India?,0.0
What does the 10/6 label on the Mad Hatter's hat mean?,How do you find a figure labeled this way in a textbook?,0.0
Can we switch roles at Amazon?,How important is the role of TPM at Amazon?,0.0
Why can't we fall asleep on some days?,Why do we fall asleep?,0.0
What are the non-invasive blood glucose monitoring systems abroad?,What are the non-invasive blood glucose monitoring systems in India?,0.0
How do I be a boyfriend?,How does a girl get a boyfriend?,0.0
What is a narcissistic personality disorder?,What is narcissistic personality disorder?,1.0
How many months does it take to gain knowledge in developing Android apps from scratch?,How much time does it take to learn Android app development from scratch?,1.0
When do you use ã‚· instead of ã—?,"When do you use ""&amp;"" instead of ""and""?",0.0
What exactly is MIKE2.0 (in layman's terms)?,"What exactly is a framework, in layman's terms?",0.0
What causes a nightmare?,What causes nightmares that seem real?,1.0
How many derivatives of an object's position with respect to time have to be continuous?,When does drawing become fun?,0.0
"How do you form a hypothesis, since you haven't done any testing and don't have any test results yet?",Why do people who have done master's degrees in any field advise you not to do a master's?,0.0
What are the pros and cons of the German Shepherd dog?,What are the pros and cons of having a pet German Shepherd?,1.0
How do I send message from one Android phone to another Android phone through bluetooth?,How do I transfer my contacts from one Android phone to another Android phone?,0.0
How should I prepare for CA final law?,How one should know that he/she completely prepare for CA final exam?,1.0
How hard was it for Jimmy Wales to immigrate to the UK?,Why does Jimmy Wales choose to reside in London instead of the US?,0.0
What is the greatest mystery in the universe?,What is the greatest mystery of all time?,0.0
"I wish to start investing in Equity and Mutual Funds. Where should I open Demat account for best rates, transaction charges and so on? I am NRI.",I am 17 and I want to invest money in stock market where should I start?,0.0
How do I access Torbox in India?,How do I access Google.com from India?,0.0
What are the best quotes/lessons of the Assassin's Creed series?,Which assassin has the best robes in Assassin's Creed?,0.0
How do I create a new shell in a new terminal using C programming (Linux terminal)?,How do I create a new Terminal and new shell in Linux using C programming?,1.0
How do I use Twitter as a business source?,How can I use Twitter for business?,1.0
What are some mind-blowing computer tools that exist that most people don't know about?,What are some mind-blowing technologies that exist that most people don't know about?,0.0
What will be the resolution one should have for the year 2016?,What's your resolution for year 2016?,1.0
How do you potty train a 4 months Pitbull?,How do I potty train my two-month-old Labrador pup?,1.0
Is it possible to turn off indicator light on a dahua camera?,What happens when you fly into a country but they refuse you entry?,0.0
What are some of the high salary income jobs in the field of biotechnology?,What are some high paying jobs for a fresher with an M.Tech in biotechnology?,1.0
How can one improve a credit score by 100 points?,Which army would win if fights occured between US troops from WW2 and US troops from Vietnam war?,0.0
What is the best place for sex?,What is the best place to have sex from?,1.0
Where and how do the crop circles get generated?,What are crop circles?,1.0
What are some great side dishes for a minestrone soup?,"68.44% of product passes the process spec.To pass, the product must be close to average. How many standard deviations away does 68.44% represent?",0.0
What are the minimum requirements to enter MIT?,How can I join MIT?,1.0
What is latency in telecom?,How does WiFi latency compare to Wired Ethernet?,0.0
Why do you love her?,What do you love? Why?,0.0
What are the best ways to properly finger yourself?,What would be the best way of keeping yourself amused in a prison?,0.0
"How comfortably can I live in Washington DC on a $80,000 salary?","Can I live comfortably in DC on $80,000 - $114,000 salary?",1.0
If I fire a bullet backward from an aircraft going faster than the bullet; will the bullet be going backwards?,"Do bullets travel faster than the speed of sound when shot from a gun? If not, is it possible? If they do, what gun and how much devastation occurs?",0.0
How is the word 'valiant' used in a sentence?,How is the word 'contorted' used in a sentence?,0.0
Does any one have ebook of answers of wren and Martin grammer and composition?,Why did barvaria join Germany?,0.0
How do I love my body as a guy?,"How can I make my whole body more fair, if I am a wheatish Indian guy?",0.0
How do I get my ex back?,How do I ask my ex to get back together?,1.0
